{"itemsData":[{"itemID":"3d30f8d2-a180-41c6-acaa-2f9c1e7880a9","position_x":-0.10000000149011612,"position_y":0.800000011920929,"position_z":0.20000000298023225,"rotation_x":0.0,"rotation_y":0.0,"rotation_z":0.0,"rotation_w":1.0,"itemType":7},{"itemID":"87911b3f-4e86-41ce-b0e7-33e1552e53eb","position_x":-0.5320000052452087,"position_y":0.7879999876022339,"position_z":-0.13099999725818635,"rotation_x":0.1530459076166153,"rotation_y":-0.6903455853462219,"rotation_z":0.1530459076166153,"rotation_w":0.6903455853462219,"itemType":11}],"textPlateItemsData":[{"itemID":"a3ec4c20-6fd7-4664-96ee-cea3bfc63267","position_x":1.022796886041760446,"position_y":0.7148535251617432,"position_z":0.1583436280488968,"rotation_x":-0.21827884018421174,"rotation_y":-0.04084291309118271,"rotation_z":-0.01896643452346325,"rotation_w":0.9748468995094299,"itemType":1,"text":"Samp","isKeyboardOpen":false}],"lightItemsData":[],"buttonItemsData":[],"imageItemsData":[],"videoItemsData":[],"audioItemsData":[],"cameraItemsData":[],"weightScalerItemsData":[],"actionData":[{"actionID":"9c70b033-e9be-4b25-80a7-d6fd90b18480","senderID":"3d30f8d2-a180-41c6-acaa-2f9c1e7880a9","senderMethod":"ThumbsUpRight","senderArgs":[],"receiverID":"87911b3f-4e86-41ce-b0e7-33e1552e53eb","receiverMethod":"Load","receiverArgs":["Room1-BtnCtrl"]}]}