{"itemsData":[{"itemID":"94b5e761-e67d-47bf-8124-d3b55262a202","position_x":-0.10000000149011612,"position_y":0.800000011920929,"position_z":0.20000000298023225,"rotation_x":0.0,"rotation_y":0.0,"rotation_z":0.0,"rotation_w":1.0,"itemType":7},{"itemID":"16791d3d-cb5e-4815-8e13-453396ae6f51","position_x":-0.5320000052452087,"position_y":0.7879999876022339,"position_z":-0.13099999725818635,"rotation_x":0.1530459076166153,"rotation_y":-0.6903455853462219,"rotation_z":0.1530459076166153,"rotation_w":0.6903455853462219,"itemType":11}],"textPlateItemsData":[{"itemID":"55b34424-1fc7-41cb-843b-7d60f1b3f493","position_x":-0.027526307851076127,"position_y":0.7949446439743042,"position_z":0.23162390291690827,"rotation_x":-0.24638713896274568,"rotation_y":-0.006588183809071779,"rotation_z":0.022771717980504037,"rotation_w":0.9688815474510193,"itemType":1,"text":"S1234","isKeyboardOpen":false}],"lightItemsData":[],"buttonItemsData":[],"imageItemsData":[],"videoItemsData":[],"audioItemsData":[],"cameraItemsData":[],"weightScalerItemsData":[],"actionData":[{"actionID":"1300f750-17cf-408b-b274-bd546788ba34","senderID":"94b5e761-e67d-47bf-8124-d3b55262a202","senderMethod":"ThumbsUpRight","senderArgs":[],"receiverID":"16791d3d-cb5e-4815-8e13-453396ae6f51","receiverMethod":"Load","receiverArgs":["Room1-BtnCtrl"]}]}