{"itemsData":[{"itemID":"c0d5025f-0cc2-4626-ab13-c0882e1629bd","position_x":-0.10000000149011612,"position_y":0.800000011920929,"position_z":0.20000000298023225,"rotation_x":0.0,"rotation_y":0.0,"rotation_z":0.0,"rotation_w":1.0,"itemType":7},{"itemID":"6d5990bb-1882-433a-b40c-6c0efbac7ecc","position_x":-0.5320000052452087,"position_y":0.7879999876022339,"position_z":-0.13099999725818635,"rotation_x":0.1530459076166153,"rotation_y":-0.6903455853462219,"rotation_z":0.1530459076166153,"rotation_w":0.6903455853462219,"itemType":11}],"textPlateItemsData":[],"lightItemsData":[{"itemID":"99dba03c-7aa0-479c-81ba-4784c36885a8","position_x":-0.074017733335495,"position_y":0.7632024884223938,"position_z":0.284168004989624,"rotation_x":0.0,"rotation_y":0.0,"rotation_z":0.0,"rotation_w":1.0,"itemType":2,"isTurnedON":true,"colorIndex":0}],"buttonItemsData":[{"itemID":"56d08b33-9502-4279-9b1a-0d0970dbdfa3","position_x":0.08308711647987366,"position_y":0.9101715683937073,"position_z":0.19773241877555848,"rotation_x":-0.19628575444221497,"rotation_y":0.21618340909481049,"rotation_z":-0.03427787125110626,"rotation_w":0.9558042883872986,"itemType":3,"type":0}],"imageItemsData":[],"videoItemsData":[],"audioItemsData":[],"cameraItemsData":[],"weightScalerItemsData":[],"actionData":[{"actionID":"1d60b88c-4ae8-4594-bc37-354d90625e8b","senderID":"c0d5025f-0cc2-4626-ab13-c0882e1629bd","senderMethod":"ThumbsUpRight","senderArgs":[],"receiverID":"6d5990bb-1882-433a-b40c-6c0efbac7ecc","receiverMethod":"Load","receiverArgs":["Room1-BtnCtrl"]},{"actionID":"5d37f71b-a934-45b3-b9a1-2f9907050a3c","senderID":"56d08b33-9502-4279-9b1a-0d0970dbdfa3","senderMethod":"Press","senderArgs":[],"receiverID":"99dba03c-7aa0-479c-81ba-4784c36885a8","receiverMethod":"Toggle","receiverArgs":[]}]}