{"itemsData":[],"textPlateItemsData":[{"itemID":"b45b5a3e-4315-4e9a-9147-1fb9b851d5b5","position_x":0.04742519557476044,"position_y":0.7684930562973023,"position_z":0.33483320474624636,"rotation_x":-0.26334428787231448,"rotation_y":-0.03416788950562477,"rotation_z":0.15808436274528504,"rotation_w":0.9510476589202881,"itemType":1,"userID":"e9a3d4b1768017dd59cfc2c6f6e247d5f4465329","inUseTime":1,"text":"Suka","isKeyboardOpen":false}],"lightItemsData":[{"itemID":"cb445fcf-8bfb-4ca9-a466-983387a77751","position_x":0.0,"position_y":0.7699999809265137,"position_z":0.699999988079071,"rotation_x":0.0,"rotation_y":0.0,"rotation_z":0.0,"rotation_w":1.0,"itemType":2,"userID":"e9a3d4b1768017dd59cfc2c6f6e247d5f4465329","inUseTime":0,"isTurnedON":true,"colorIndex":0}],"buttonItemsData":[{"itemID":"a0a0104e-7bd8-4300-807c-84d0a209fa9f","position_x":0.0,"position_y":0.7820000052452087,"position_z":0.36899998784065249,"rotation_x":0.0,"rotation_y":0.0,"rotation_z":0.0,"rotation_w":1.0,"itemType":3,"userID":"e9a3d4b1768017dd59cfc2c6f6e247d5f4465329","inUseTime":0,"type":0}],"imageItemsData":[],"videoItemsData":[],"audioItemsData":[],"cameraItemsData":[],"weightScalerItemsData":[],"actionData":[]}