{"itemsData":[],"textPlateItemsData":[{"itemID":"b45b5a3e-4315-4e9a-9147-1fb9b851d5b5","position_x":0.47483620047569277,"position_y":0.5797674655914307,"position_z":0.16194751858711244,"rotation_x":-0.21094822883605958,"rotation_y":0.3156872093677521,"rotation_z":0.5205668210983276,"rotation_w":0.7647566199302673,"itemType":1,"userID":"e9a3d4b1768017dd59cfc2c6f6e247d5f4465329","inUseTime":0,"text":"Sukaty","isKeyboardOpen":false},{"itemID":"f7d2ecf7-d5cd-4034-806a-5f48434e1f9c","position_x":-0.20034575462341309,"position_y":0.7397181987762451,"position_z":0.21599937975406648,"rotation_x":-0.4668068587779999,"rotation_y":-0.12829048931598664,"rotation_z":0.06125141680240631,"rotation_w":0.8728580474853516,"itemType":1,"userID":"e9a3d4b1768017dd59cfc2c6f6e247d5f4465329","inUseTime":0,"text":"Sample tuu","isKeyboardOpen":false}],"lightItemsData":[{"itemID":"cb445fcf-8bfb-4ca9-a466-983387a77751","position_x":0.0,"position_y":0.7699999809265137,"position_z":0.699999988079071,"rotation_x":0.0,"rotation_y":0.0,"rotation_z":0.0,"rotation_w":1.0,"itemType":2,"userID":"e9a3d4b1768017dd59cfc2c6f6e247d5f4465329","inUseTime":0,"isTurnedON":true,"colorIndex":0},{"itemID":"d46c70c9-d770-432c-8d53-c8ca84b4b0e5","position_x":0.0,"position_y":0.7699999809265137,"position_z":0.699999988079071,"rotation_x":0.0,"rotation_y":0.0,"rotation_z":0.0,"rotation_w":1.0,"itemType":2,"userID":"e9a3d4b1768017dd59cfc2c6f6e247d5f4465329","inUseTime":0,"isTurnedON":true,"colorIndex":0}],"buttonItemsData":[{"itemID":"a0a0104e-7bd8-4300-807c-84d0a209fa9f","position_x":0.0,"position_y":0.7820000052452087,"position_z":0.36899998784065249,"rotation_x":0.0,"rotation_y":0.0,"rotation_z":0.0,"rotation_w":1.0,"itemType":3,"userID":"e9a3d4b1768017dd59cfc2c6f6e247d5f4465329","inUseTime":0,"type":0},{"itemID":"4209b430-3444-4a8e-ae9a-13f3a2bf9b59","position_x":0.0,"position_y":0.7820000052452087,"position_z":0.36899998784065249,"rotation_x":0.0,"rotation_y":0.0,"rotation_z":0.0,"rotation_w":1.0,"itemType":3,"userID":"e9a3d4b1768017dd59cfc2c6f6e247d5f4465329","inUseTime":0,"type":0}],"imageItemsData":[],"videoItemsData":[],"audioItemsData":[],"cameraItemsData":[],"weightScalerItemsData":[],"actionData":[]}