{"itemsData":[{"itemID":"6d63916f-ae52-405d-8ed5-833cf3b0bc76","position_x":-0.4318980574607849,"position_y":1.015175461769104,"position_z":0.1468953788280487,"rotation_x":-0.08132337033748627,"rotation_y":-0.4443614184856415,"rotation_z":-0.040450405329465869,"rotation_w":0.8912312984466553,"itemType":8}],"textPlateItemsData":[],"lightItemsData":[{"itemID":"d991caee-a14e-441c-9209-f3a89eb70db6","position_x":-0.011843390762805939,"position_y":0.7582603096961975,"position_z":0.5541599988937378,"rotation_x":0.0,"rotation_y":0.0,"rotation_z":0.0,"rotation_w":1.0,"itemType":2,"isTurnedON":true,"colorIndex":3}],"buttonItemsData":[],"imageItemsData":[],"videoItemsData":[],"audioItemsData":[],"cameraItemsData":[],"weightScalerItemsData":[],"actionData":[{"actionID":"4d5df230-1782-4da3-bb6e-71657ebe70f7","senderID":"6d63916f-ae52-405d-8ed5-833cf3b0bc76","senderMethod":"Turn on the lamp.","senderArgs":[],"receiverID":"d991caee-a14e-441c-9209-f3a89eb70db6","receiverMethod":"ChangeNextColor","receiverArgs":[]}]}