{"itemsData":[],"textPlateItemsData":[{"itemID":"8b721bd4-5fc0-4add-a3c8-989ead5af7ce","position_x":0.05685862898826599,"position_y":0.6266704797744751,"position_z":0.22825460135936738,"rotation_x":-0.06501000374555588,"rotation_y":-0.0832274779677391,"rotation_z":0.09197888523340225,"rotation_w":0.9901449084281921,"itemType":1,"text":"Sample textxcfggn m","isKeyboardOpen":false}],"lightItemsData":[{"itemID":"ecbd2f16-910e-4437-bf9d-b37bb02d1d33","position_x":0.0,"position_y":0.7699999809265137,"position_z":0.699999988079071,"rotation_x":0.0,"rotation_y":0.0,"rotation_z":0.0,"rotation_w":1.0,"itemType":2,"isTurnedON":true,"colorIndex":0}],"buttonItemsData":[{"itemID":"7998284a-a00f-4774-b542-dee36c9404fe","position_x":0.0,"position_y":0.7820000052452087,"position_z":0.36899998784065249,"rotation_x":0.0,"rotation_y":0.0,"rotation_z":0.0,"rotation_w":1.0,"itemType":3,"type":0}],"imageItemsData":[],"videoItemsData":[],"audioItemsData":[],"cameraItemsData":[],"weightScalerItemsData":[],"actionData":[]}