{"itemsData":[],"textPlateItemsData":[{"itemID":"2afc8af7-d017-4861-ac8a-4b5311564e76","position_x":0.01401464268565178,"position_y":0.6401108503341675,"position_z":0.26314783096313479,"rotation_x":-0.07156556099653244,"rotation_y":-0.0668393149971962,"rotation_z":-0.028995288535952569,"rotation_w":0.994771420955658,"itemType":1,"text":"Samp","isKeyboardOpen":false}],"lightItemsData":[{"itemID":"43e27ead-aedb-4327-9772-acd9c5c076dc","position_x":0.0,"position_y":0.7699999809265137,"position_z":0.550000011920929,"rotation_x":0.0,"rotation_y":0.0,"rotation_z":0.0,"rotation_w":1.0,"itemType":2,"isTurnedON":true,"colorIndex":0}],"buttonItemsData":[{"itemID":"f72ac61d-d7cd-48b1-83a9-f37a4b4cee0f","position_x":0.0,"position_y":0.7820000052452087,"position_z":0.36899998784065249,"rotation_x":0.0,"rotation_y":0.0,"rotation_z":0.0,"rotation_w":1.0,"itemType":3,"type":0}],"imageItemsData":[],"videoItemsData":[],"audioItemsData":[],"cameraItemsData":[],"weightScalerItemsData":[],"actionData":[]}