{"itemsData":[],"textPlateItemsData":[{"itemID":"5c4a6cb3-b091-4f48-892b-d802bbf40d39","position_x":0.4558907449245453,"position_y":0.8344510197639465,"position_z":0.21195641160011292,"rotation_x":0.26920607686042788,"rotation_y":-0.45850059390068056,"rotation_z":-0.38277825713157656,"rotation_w":-0.7555038928985596,"itemType":1,"text":"Sample text","isKeyboardOpen":true}],"lightItemsData":[{"itemID":"e719441b-ad55-4e7f-9fc7-654190640676","position_x":0.0,"position_y":0.7699999809265137,"position_z":0.550000011920929,"rotation_x":0.0,"rotation_y":0.0,"rotation_z":0.0,"rotation_w":1.0,"itemType":2,"isTurnedON":true,"colorIndex":0}],"buttonItemsData":[{"itemID":"0f05d00c-45db-4adb-a298-c9f0ba45bde6","position_x":0.0,"position_y":0.7820000052452087,"position_z":0.36899998784065249,"rotation_x":0.0,"rotation_y":0.0,"rotation_z":0.0,"rotation_w":1.0,"itemType":3,"type":0}],"imageItemsData":[],"videoItemsData":[],"audioItemsData":[],"cameraItemsData":[],"weightScalerItemsData":[],"actionData":[]}