{"itemsData":[],"textPlateItemsData":[{"itemID":"b45b5a3e-4315-4e9a-9147-1fb9b851d5b5","position_x":-0.018922463059425355,"position_y":0.6856935024261475,"position_z":0.20092763006687165,"rotation_x":-0.015536166727542878,"rotation_y":-0.09995776414871216,"rotation_z":0.13482257723808289,"rotation_w":0.9856926202774048,"itemType":1,"userID":"e9a3d4b1768017dd59cfc2c6f6e247d5f4465329","inUseTime":0,"text":"Sukaty","isKeyboardOpen":false},{"itemID":"f7d2ecf7-d5cd-4034-806a-5f48434e1f9c","position_x":0.18120375275611878,"position_y":0.8588014245033264,"position_z":0.4833090305328369,"rotation_x":-0.44908395409584048,"rotation_y":0.25723525881767275,"rotation_z":0.1977350264787674,"rotation_w":0.8324990272521973,"itemType":1,"userID":"e9a3d4b1768017dd59cfc2c6f6e247d5f4465329","inUseTime":0,"text":"Sample tuu","isKeyboardOpen":false}],"lightItemsData":[{"itemID":"cb445fcf-8bfb-4ca9-a466-983387a77751","position_x":0.0,"position_y":0.7699999809265137,"position_z":0.699999988079071,"rotation_x":0.0,"rotation_y":0.0,"rotation_z":0.0,"rotation_w":1.0,"itemType":2,"userID":"e9a3d4b1768017dd59cfc2c6f6e247d5f4465329","inUseTime":0,"isTurnedON":true,"colorIndex":0},{"itemID":"d46c70c9-d770-432c-8d53-c8ca84b4b0e5","position_x":0.0,"position_y":0.7699999809265137,"position_z":0.699999988079071,"rotation_x":0.0,"rotation_y":0.0,"rotation_z":0.0,"rotation_w":1.0,"itemType":2,"userID":"e9a3d4b1768017dd59cfc2c6f6e247d5f4465329","inUseTime":0,"isTurnedON":true,"colorIndex":0}],"buttonItemsData":[{"itemID":"a0a0104e-7bd8-4300-807c-84d0a209fa9f","position_x":0.0,"position_y":0.7820000052452087,"position_z":0.36899998784065249,"rotation_x":0.0,"rotation_y":0.0,"rotation_z":0.0,"rotation_w":1.0,"itemType":3,"userID":"e9a3d4b1768017dd59cfc2c6f6e247d5f4465329","inUseTime":0,"type":0},{"itemID":"4209b430-3444-4a8e-ae9a-13f3a2bf9b59","position_x":0.0,"position_y":0.7820000052452087,"position_z":0.36899998784065249,"rotation_x":0.0,"rotation_y":0.0,"rotation_z":0.0,"rotation_w":1.0,"itemType":3,"userID":"e9a3d4b1768017dd59cfc2c6f6e247d5f4465329","inUseTime":0,"type":0}],"imageItemsData":[],"videoItemsData":[],"audioItemsData":[],"cameraItemsData":[],"weightScalerItemsData":[],"actionData":[]}