{"itemsData":[],"textPlateItemsData":[{"itemID":"fa35c44b-31e2-4f8d-9b42-a1805251bb4b","position_x":0.00576892402023077,"position_y":0.5722935199737549,"position_z":0.31156113743782046,"rotation_x":0.1859726905822754,"rotation_y":0.03395130857825279,"rotation_z":0.024363594129681588,"rotation_w":-0.981665849685669,"itemType":1,"text":"Press the red button","isKeyboardOpen":false}],"lightItemsData":[{"itemID":"c48c4e57-fc1b-4430-8986-04a3481e0902","position_x":0.0,"position_y":0.7699999809265137,"position_z":0.550000011920929,"rotation_x":0.0,"rotation_y":0.0,"rotation_z":0.0,"rotation_w":1.0,"itemType":2,"isTurnedON":false,"colorIndex":0}],"buttonItemsData":[{"itemID":"06b81763-129b-4fcb-bd38-307c342fc2e6","position_x":0.0,"position_y":0.7820000052452087,"position_z":0.36899998784065249,"rotation_x":0.0,"rotation_y":0.0,"rotation_z":0.0,"rotation_w":1.0,"itemType":3,"type":0}],"imageItemsData":[],"videoItemsData":[],"audioItemsData":[],"cameraItemsData":[],"weightScalerItemsData":[],"actionData":[{"actionID":"f0cf8f68-d922-4d2d-97ba-60d5e0c3ba99","senderID":"06b81763-129b-4fcb-bd38-307c342fc2e6","senderMethod":"Press","senderArgs":[],"receiverID":"c48c4e57-fc1b-4430-8986-04a3481e0902","receiverMethod":"Toggle","receiverArgs":[]}]}