{"itemsData":[],"textPlateItemsData":[{"position_x":0.5142366290092468,"position_y":0.6186165809631348,"position_z":0.054886892437934878,"rotation_x":-0.0241443682461977,"rotation_y":0.015046082437038422,"rotation_z":0.05300803482532501,"rotation_w":0.9981887936592102,"itemType":1,"text":"box","isKeyboardOpen":false},{"position_x":0.5850004553794861,"position_y":0.7420867085456848,"position_z":0.00501541793346405,"rotation_x":-0.017418375238776208,"rotation_y":0.38381534814834597,"rotation_z":-0.0633615255355835,"rotation_w":0.9210687875747681,"itemType":1,"text":"","isKeyboardOpen":false},{"position_x":0.7285929918289185,"position_y":0.6434237957000732,"position_z":0.2647804915904999,"rotation_x":0.13266491889953614,"rotation_y":-0.35325947403907778,"rotation_z":0.024207700043916704,"rotation_w":0.925754725933075,"itemType":1,"text":" inside","isKeyboardOpen":false},{"position_x":0.6281992197036743,"position_y":0.5744501948356628,"position_z":0.10456869006156922,"rotation_x":-0.12591657042503358,"rotation_y":0.17400701344013215,"rotation_z":0.07675530761480332,"rotation_w":0.9736402034759522,"itemType":1,"text":"2022 10 05","isKeyboardOpen":false}]}