{"itemsData":[{"position_x":0.5193652510643005,"position_y":1.0042616128921509,"position_z":-0.051823556423187259,"rotation_x":0.31230711936950686,"rotation_y":-0.6564233899116516,"rotation_z":-0.32928666472435,"rotation_w":-0.6026134490966797,"itemType":1},{"position_x":0.7475284337997437,"position_y":1.2525371313095093,"position_z":-0.08858050405979157,"rotation_x":0.3357663154602051,"rotation_y":-0.5867259502410889,"rotation_z":0.20224563777446748,"rotation_w":-0.7085974216461182,"itemType":2}]}