{"itemsData":[],"textPlateItemsData":[],"lightItemsData":[{"itemID":"a9969a63-6858-48a8-9d3b-f4d7740421af","position_x":-0.30000001192092898,"position_y":0.800000011920929,"position_z":0.20000000298023225,"rotation_x":0.0,"rotation_y":0.0,"rotation_z":0.0,"rotation_w":1.0,"itemType":2,"isTurnedON":true}],"buttonItemsData":[{"itemID":"cf124355-8170-4e6a-a82b-9feab7b2ac08","position_x":-0.10000000149011612,"position_y":0.800000011920929,"position_z":0.20000000298023225,"rotation_x":0.0,"rotation_y":0.0,"rotation_z":0.0,"rotation_w":1.0,"itemType":3,"type":0}],"imageItemsData":[],"audioItemsData":[],"actionData":[{"actionID":"af836efa-b24f-4d0b-a9f2-5e22213caf9c","senderID":"cf124355-8170-4e6a-a82b-9feab7b2ac08","senderMethod":"Press","senderArgs":[],"receiverID":"a9969a63-6858-48a8-9d3b-f4d7740421af","receiverMethod":"Toggle","receiverArgs":[]}]}