{"itemsData":[{"position_x":-0.6849323511123657,"position_y":0.7768998742103577,"position_z":0.8422019481658936,"rotation_x":0.03215915337204933,"rotation_y":0.6465288400650024,"rotation_z":0.04601401463150978,"rotation_w":0.7608212232589722,"itemType":2},{"position_x":-1.543076753616333,"position_y":0.8365402221679688,"position_z":1.1475950479507447,"rotation_x":0.2388996183872223,"rotation_y":0.328948438167572,"rotation_z":-0.007397067733108997,"rotation_w":-0.9136001467704773,"itemType":1}]}