{"itemsData":[],"textPlateItemsData":[],"lightItemsData":[{"itemID":"3d3ac765-0832-4b1e-a06f-bfc57c8c71ab","position_x":-0.30000001192092898,"position_y":0.800000011920929,"position_z":0.20000000298023225,"rotation_x":0.0,"rotation_y":0.0,"rotation_z":0.0,"rotation_w":1.0,"itemType":2,"isTurnedON":true}],"buttonItemsData":[{"itemID":"4a4fa600-ca2c-4b1c-bd43-0cf66f77aced","position_x":-0.21483799815177918,"position_y":0.887711226940155,"position_z":-0.6194635033607483,"rotation_x":-0.14988349378108979,"rotation_y":-0.6158779263496399,"rotation_z":0.14313292503356934,"rotation_w":0.7600936889648438,"itemType":3,"type":0}],"imageItemsData":[],"audioItemsData":[],"actionData":[{"actionID":"e0444f6b-d010-4f1f-b165-4cc9ac4d8905","senderID":"4a4fa600-ca2c-4b1c-bd43-0cf66f77aced","senderMethod":"Press","senderArgs":[],"receiverID":"3d3ac765-0832-4b1e-a06f-bfc57c8c71ab","receiverMethod":"Toggle","receiverArgs":[]}]}