{"itemsData":[],"textPlateItemsData":[],"lightItemsData":[],"buttonItemsData":[],"imageItemsData":[{"position_x":0.33756691217422488,"position_y":1.1102962493896485,"position_z":-0.1060335636138916,"rotation_x":0.29192593693733218,"rotation_y":-0.28562289476394656,"rotation_z":0.5333291292190552,"rotation_w":-0.740782618522644,"itemType":4}],"audioItemsData":[{"position_x":0.5859588384628296,"position_y":1.056986689567566,"position_z":0.01330311968922615,"rotation_x":-0.23836305737495423,"rotation_y":0.4909230172634125,"rotation_z":-0.28727057576179507,"rotation_w":0.7871805429458618,"itemType":5}]}