{"itemsData":[{"itemID":"d93f5309-3f3a-46a6-a200-199508af1cbb","position_x":-0.10000000149011612,"position_y":0.800000011920929,"position_z":0.20000000298023225,"rotation_x":0.0,"rotation_y":0.0,"rotation_z":0.0,"rotation_w":1.0,"itemType":6},{"itemID":"ebf6aaf3-99a0-49ff-9e63-00ad338ab485","position_x":0.0,"position_y":1.0800000429153443,"position_z":0.3199999928474426,"rotation_x":0.0,"rotation_y":0.0,"rotation_z":0.0,"rotation_w":1.0,"itemType":7}],"textPlateItemsData":[],"lightItemsData":[{"itemID":"141cbb7c-0771-42d0-9c51-0a24e33deac5","position_x":-0.30000001192092898,"position_y":0.800000011920929,"position_z":0.20000000298023225,"rotation_x":0.0,"rotation_y":0.0,"rotation_z":0.0,"rotation_w":1.0,"itemType":2,"isTurnedON":false}],"buttonItemsData":[{"itemID":"f5fc773f-affb-4336-9e19-35b0508df7f8","position_x":-0.10000000149011612,"position_y":0.800000011920929,"position_z":0.20000000298023225,"rotation_x":0.0,"rotation_y":0.0,"rotation_z":0.0,"rotation_w":1.0,"itemType":3,"type":0}],"imageItemsData":[],"audioItemsData":[],"actionData":[{"actionID":"0bcde25e-efbe-4f16-aab1-9b99e8745fac","senderID":"d93f5309-3f3a-46a6-a200-199508af1cbb","senderMethod":"ThumbsDownLeft","senderArgs":[],"receiverID":"141cbb7c-0771-42d0-9c51-0a24e33deac5","receiverMethod":"Toggle","receiverArgs":[]},{"actionID":"a442a3a1-5e03-4f4b-a9a9-db7577e22ef6","senderID":"ebf6aaf3-99a0-49ff-9e63-00ad338ab485","senderMethod":"123.","senderArgs":[],"receiverID":"141cbb7c-0771-42d0-9c51-0a24e33deac5","receiverMethod":"Toggle","receiverArgs":[]}]}