{"itemsData":[],"textPlateItemsData":[],"lightItemsData":[{"itemID":"4df67411-8a36-4f01-b8f5-0ec32c602cde","position_x":-0.22210164368152619,"position_y":0.7567035555839539,"position_z":0.16439040005207063,"rotation_x":0.0,"rotation_y":0.0,"rotation_z":0.0,"rotation_w":1.0,"itemType":2,"isTurnedON":true}],"buttonItemsData":[{"itemID":"cc7e4c7f-c652-458c-a2f6-41ef91a40b2a","position_x":0.20000000298023225,"position_y":0.800000011920929,"position_z":0.20000000298023225,"rotation_x":0.0,"rotation_y":0.0,"rotation_z":0.0,"rotation_w":1.0,"itemType":3,"type":0}],"imageItemsData":[],"audioItemsData":[]}