{"itemsData":[],"textPlateItemsData":[{"itemID":"134378fa-5e2e-4c34-b9a1-7d6b90f46002","position_x":0.0755123496055603,"position_y":0.716323971748352,"position_z":0.14183548092842103,"rotation_x":0.27905136346817019,"rotation_y":0.1334921419620514,"rotation_z":0.10557464510202408,"rotation_w":-0.9450736045837402,"itemType":1,"text":"huinya","isKeyboardOpen":false}],"lightItemsData":[],"buttonItemsData":[],"imageItemsData":[],"audioItemsData":[]}