{"itemsData":[],"textPlateItemsData":[{"position_x":0.07404810935258866,"position_y":0.7196768522262573,"position_z":-0.7238938808441162,"rotation_x":-0.05210283771157265,"rotation_y":-0.08159305900335312,"rotation_z":-0.012666378170251847,"rotation_w":0.9952223300933838,"itemType":1,"text":"fgcggyyyhhuhj","isKeyboardOpen":false}],"lightItemsData":[{"position_x":0.6037907004356384,"position_y":0.9835574626922607,"position_z":-0.2849714159965515,"rotation_x":-0.0775250494480133,"rotation_y":0.382031112909317,"rotation_z":0.12687620520591737,"rotation_w":0.9121099710464478,"itemType":2,"isTurnedON":true}],"buttonItemsData":[{"position_x":0.6625504493713379,"position_y":1.1183834075927735,"position_z":-0.4169986844062805,"rotation_x":-0.3243490159511566,"rotation_y":0.7552738189697266,"rotation_z":0.15062448382377625,"rotation_w":0.5492461919784546,"itemType":3,"type":0}]}