{"itemsData":[],"textPlateItemsData":[],"lightItemsData":[{"itemID":"af49ba78-3d71-4fcc-890a-a6764886f6a8","position_x":-0.20000000298023225,"position_y":0.800000011920929,"position_z":0.20000000298023225,"rotation_x":0.0,"rotation_y":0.0,"rotation_z":0.0,"rotation_w":1.0,"itemType":2,"isTurnedON":true}],"buttonItemsData":[{"itemID":"f7a6ff74-88f8-4353-ae70-428074fdc09a","position_x":0.20000000298023225,"position_y":0.800000011920929,"position_z":0.20000000298023225,"rotation_x":0.0,"rotation_y":0.0,"rotation_z":0.0,"rotation_w":1.0,"itemType":3,"type":0}],"imageItemsData":[],"audioItemsData":[],"actionData":[{"actionID":"e065c83e-8eaa-4c48-a1c9-97acaa696e31","senderID":"f7a6ff74-88f8-4353-ae70-428074fdc09a","senderMethod":"Press","senderArgs":[],"receiverID":"af49ba78-3d71-4fcc-890a-a6764886f6a8","receiverMethod":"Toggle","receiverArgs":[]}]}