{"itemsData":[],"textPlateItemsData":[],"lightItemsData":[{"id":"f5b7ac6a-eeb4-4f17-a3ff-cd7ba14811f3","position_x":0.4445839822292328,"position_y":0.8318235874176025,"position_z":-0.03388401120901108,"rotation_x":0.03135905787348747,"rotation_y":0.3143465220928192,"rotation_z":0.01647476851940155,"rotation_w":0.9486472010612488,"itemType":2,"isTurnedON":true}],"buttonItemsData":[],"imageItemsData":[{"id":"dc3cbebd-01bd-461e-935e-fb75b2133a2a","position_x":-0.23660585284233094,"position_y":0.9872844219207764,"position_z":0.24113191664218903,"rotation_x":-0.004213660955429077,"rotation_y":0.24832621216773988,"rotation_z":0.03916849568486214,"rotation_w":-0.9678751230239868,"itemType":4}],"audioItemsData":[]}