{"itemsData":[],"textPlateItemsData":[],"lightItemsData":[{"position_x":0.37571123242378237,"position_y":0.9993214011192322,"position_z":-0.3204551339149475,"rotation_x":0.07713287323713303,"rotation_y":-0.21888390183448792,"rotation_z":0.08221275359392166,"rotation_w":-0.9692168831825256,"itemType":2,"isTurnedON":true}],"buttonItemsData":[],"imageItemsData":[],"audioItemsData":[]}