{"itemsData":[],"textPlateItemsData":[{"position_x":0.584675133228302,"position_y":0.6180307865142822,"position_z":0.07792109251022339,"rotation_x":0.02773202769458294,"rotation_y":-0.039261944591999057,"rotation_z":-0.003451666561886668,"rotation_w":0.9988381266593933,"itemType":1,"text":"hui","isKeyboardOpen":false}],"lightItemsData":[{"position_x":0.7584549784660339,"position_y":0.7923818826675415,"position_z":0.36397144198417666,"rotation_x":0.044484470039606097,"rotation_y":0.41221883893013,"rotation_z":0.03975771740078926,"rotation_w":0.9091293811798096,"itemType":2,"isTurnedON":false}]}