{"itemsData":[],"textPlateItemsData":[{"itemID":"5ccc9843-3c0a-4da7-b4b6-403289f25684","position_x":0.9939073920249939,"position_y":0.9543542861938477,"position_z":0.4067509174346924,"rotation_x":-0.20338642597198487,"rotation_y":0.4012860357761383,"rotation_z":0.0343814454972744,"rotation_w":0.892424464225769,"itemType":1,"text":"","isKeyboardOpen":true}],"lightItemsData":[],"buttonItemsData":[],"imageItemsData":[],"audioItemsData":[]}